partition,logical_partition,old_pod,new_pod,reason,revocation_start,release,recovery_start,assignment_active,pending_assignment_seconds,activation_to_fast_seconds,release_to_recovery_seconds,revocation_to_recovery_seconds,recovery_seconds,revocation_to_fast_seconds,pre_ack_committed_cursor,pre_ack_read_cursor,claimed_committed_cursor,cursor_key_matches_pre_ack,cursor_key_matches_assignment,pre_ack_buffered_batches,pre_ack_buffered_records
0,0,merge-worker-848db95476-c8rcb,merge-worker-6db9859bf-nkxt6,shutdown_pre_release,2026-10-02 21:43:20.540247147,2026-10-02 21:43:20.567966282,2026-10-02 21:43:37.517004206,2026-10-02 21:43:45.029341126,7.51233692,29.025306992,16.949037924,16.976757059,36.537643912,53.514400971,57477950212,57477973002,57477950212,True,True,3,22790
1,1,merge-worker-848db95476-c8rcb,merge-worker-6db9859bf-nkxt6,shutdown_pre_release,2026-10-02 21:43:20.540272768,2026-10-02 21:43:20.567997280,2026-10-02 21:43:37.517011859,2026-10-02 21:43:45.029356712,7.512344853,29.025272672999996,16.949014579,16.976739091,36.537617526,53.514356617,58445121479,58445167459,58445121479,True,True,2,45980
2,2,merge-worker-848db95476-fwnvl,merge-worker-6db9859bf-skjq2,revocation_pre_release,2026-10-02 21:43:38.062239310,2026-10-02 21:43:45.090550299,2026-10-02 21:43:51.274353222,2026-10-02 21:43:51.274235063,0,8.475998229,6.183802923,13.212113912,8.47588007,21.687993982000002,59941212176,59941717967,59941715610,False,True,0,0
3,3,merge-worker-848db95476-fwnvl,merge-worker-6db9859bf-skjq2,revocation_pre_release,2026-10-02 21:43:38.062260390,2026-10-02 21:43:45.090581439,2026-10-02 21:43:51.274357679,2026-10-02 21:43:51.274275285,0,8.475971127,6.18377624,13.212097289,8.475888733,21.687986022,58502503283,58503074778,58503065339,False,True,0,0
4,4,merge-worker-848db95476-h52ll,merge-worker-6db9859bf-wz7bg,revocation_pre_release,2026-10-02 21:43:34.589194703,2026-10-02 21:43:40.757519892,2026-10-02 21:43:51.070006255,2026-10-02 21:43:51.069943674,0,12.625024894,10.312486363,16.480811552,12.624962313,29.105773864999996,59213018662,59213746470,59213746470,False,True,0,0
5,5,merge-worker-848db95476-h52ll,merge-worker-6db9859bf-wz7bg,revocation_pre_release,2026-10-02 21:43:34.589216545,2026-10-02 21:43:40.757554004,2026-10-02 21:43:51.070008699,2026-10-02 21:43:51.069956931,0,12.625039445,10.312454695,16.480792154,12.624987677,29.105779831,59040689935,59041074794,59041074794,False,True,0,0
6,6,merge-worker-848db95476-kfwws,merge-worker-canary-56689b886d-sstsj,revocation_pre_release,2026-10-02 21:43:37.954948144,2026-10-02 21:43:44.858037616,2026-10-02 21:43:50.213009697,2026-10-02 21:43:50.212956923,0,5.282681404,5.354972081,12.258061553,5.28262863,17.540690183,58835926345,58836474538,58836474538,False,True,0,0
7,7,merge-worker-848db95476-kfwws,merge-worker-canary-56689b886d-sstsj,revocation_pre_release,2026-10-02 21:43:37.954979787,2026-10-02 21:43:44.858067647,2026-10-02 21:43:50.213011959,2026-10-02 21:43:50.212969279,0,5.282663555,5.354944312,12.258032172,5.282620875,17.540653047,58959164291,58959520988,58959520988,False,True,0,0
18,18,merge-worker-canary-56689b886d-sstsj,merge-worker-848db95476-fwnvl,revocation_pre_release,2026-10-02 21:43:30.118740524,2026-10-02 21:43:38.260607031,2026-10-02 21:43:48.090048986,2026-10-02 21:43:48.089962591,0,11.875298789,9.829441955,17.971308462,11.875212394,29.846520855999998,57670334824,57670949390,57670949390,False,True,0,0
19,19,merge-worker-canary-56689b886d-sstsj,merge-worker-848db95476-fwnvl,revocation_pre_release,2026-10-02 21:43:30.118765258,2026-10-02 21:43:38.260648566,2026-10-02 21:43:48.090051479,2026-10-02 21:43:48.089993163,0,11.875229143,9.829402913,17.971286221,11.875170827,29.846457047999998,58827626386,58828193022,58828193022,False,True,0,0
50,50,merge-worker-6db9859bf-nkxt6,merge-worker-848db95476-h52ll,revocation_pre_release,2026-10-02 21:43:37.461035310,2026-10-02 21:43:45.029065320,2026-10-02 21:43:54.739316178,2026-10-02 21:43:54.738928429,0,22.141465485,9.710250858,17.278280868,22.141077736,39.419358603999996,57851155312,57851813528,57851813528,False,True,0,0
51,51,merge-worker-6db9859bf-nkxt6,merge-worker-848db95476-h52ll,revocation_pre_release,2026-10-02 21:43:37.461056696,2026-10-02 21:43:45.029100088,2026-10-02 21:43:54.739320582,2026-10-02 21:43:54.738950788,0,22.141463739000002,9.710220494,17.278263886,22.141093945,39.419357831,58504047426,58504814207,58504814207,False,True,0,0
52,52,merge-worker-6db9859bf-skjq2,merge-worker-848db95476-kfwws,revocation_pre_release,2026-10-02 21:43:37.533885171,2026-10-02 21:43:51.238723691,2026-10-02 21:43:58.050498754,2026-10-02 21:43:58.038230919,0,31.668530304,6.811775063,20.516613583,31.656262469,52.17287605200001,59334827719,59335364363,59335356865,False,True,0,0
53,53,merge-worker-6db9859bf-skjq2,merge-worker-848db95476-kfwws,revocation_pre_release,2026-10-02 21:43:37.533906759,2026-10-02 21:43:51.238755930,2026-10-02 21:43:58.050507190,2026-10-02 21:43:58.038276391,0,31.668522636000002,6.81175126,20.516600431,31.656291837,52.172892268,58328278227,58328869057,58328853052,False,True,0,0
54,54,merge-worker-6db9859bf-wz7bg,merge-worker-f9d6db8f9-v524p,revocation_pre_release,2026-10-02 21:43:36.079219886,2026-10-02 21:43:51.046221023,2026-10-02 21:43:56.721925410,2026-10-02 21:43:56.721842249,0,11.107010501,5.675704387,20.642705524,11.10692734,31.749632864,60030895546,60031375531,60031362744,False,True,0,0
55,55,merge-worker-6db9859bf-wz7bg,merge-worker-f9d6db8f9-v524p,revocation_pre_release,2026-10-02 21:43:36.079253058,2026-10-02 21:43:51.046257123,2026-10-02 21:43:56.721927686,2026-10-02 21:43:56.721865885,0,11.106957729,5.675670563,20.642674628,11.106895928,31.749570556000002,59204854454,59205263773,59205244480,False,True,0,0
57,57,merge-worker-f9d6db8f9-v524p,merge-worker-6db9859bf-7lh5g,revocation_pre_release,2026-10-02 21:43:36.266500251,2026-10-02 21:43:44.979815330,2026-10-02 21:43:47.966111998,2026-10-02 21:43:47.966054100,0,4.394503743,2.986296668,11.699611747,4.394445845,16.094057592,58973529028,58973987777,58973987777,False,True,0,0
58,58,merge-worker-6db9859bf-52dmv,merge-worker-6db9859bf-kxqtx,revocation_pre_release,2026-10-02 21:43:33.294444148,2026-10-02 21:43:43.172196209,2026-10-02 21:43:50.066515935,2026-10-02 21:43:50.066438970,0,12.795432318,6.894319726,16.772071787,12.795355353,29.56742714,58709761175,58710228493,58710218450,False,True,0,0
59,59,merge-worker-6db9859bf-85t5h,merge-worker-848db95476-8lhtz,revocation_pre_release,2026-10-02 21:43:36.110963735,2026-10-02 21:43:44.631407599,2026-10-02 21:43:48.136411985,2026-10-02 21:43:48.136349258,0,0.333018009,3.505004386,12.02544825,0.332955282,12.358403532,58064334367,58064754007,58064746183,False,True,0,0
60,60,merge-worker-6db9859bf-nkxt6,merge-worker-848db95476-kffcg,revocation_pre_release,2026-10-02 21:43:37.461063647,2026-10-02 21:43:45.029110986,2026-10-02 21:43:49.980907907,2026-10-02 21:43:49.980837894,0,1.184310478,4.951796921,12.51984426,1.184240465,13.704084725,57974823638,57975520350,57975520350,False,True,0,0
64,0,merge-worker-848db95476-c8rcb,merge-worker-6db9859bf-nkxt6,shutdown_pre_release,2026-10-02 21:43:20.540280990,2026-10-02 21:43:20.568006007,2026-10-02 21:43:37.517014691,2026-10-02 21:43:45.029362559,7.512347868,29.025250761000002,16.949008684,16.976733701,36.537598629,53.51433233,58835786688,58835805487,58835786688,True,True,2,18799
65,1,merge-worker-848db95476-c8rcb,merge-worker-6db9859bf-nkxt6,shutdown_pre_release,2026-10-02 21:43:20.540286969,2026-10-02 21:43:20.568013324,2026-10-02 21:43:37.517017750,2026-10-02 21:43:45.029367616,7.512349866,29.025272178,16.949004426,16.976730781,36.537622044,53.514352825,58037099150,58037181550,58037099150,True,True,2,82400
66,2,merge-worker-848db95476-fwnvl,merge-worker-6db9859bf-skjq2,revocation_pre_release,2026-10-02 21:43:38.062268434,2026-10-02 21:43:45.090590390,2026-10-02 21:43:51.274360425,2026-10-02 21:43:51.274281536,0,8.475937874,6.183770035,13.212091991,8.475858985,21.687950976,59353745451,59354246534,59354237897,False,True,0,0
67,3,merge-worker-848db95476-fwnvl,merge-worker-6db9859bf-skjq2,revocation_pre_release,2026-10-02 21:43:38.062274715,2026-10-02 21:43:45.090598472,2026-10-02 21:43:51.274363427,2026-10-02 21:43:51.274286820,0,8.475955716,6.183764955,13.212088712,8.475879109,21.687967821,58944994203,58945564561,58945564561,False,True,0,0
68,4,merge-worker-848db95476-h52ll,merge-worker-6db9859bf-wz7bg,revocation_pre_release,2026-10-02 21:43:34.589223397,2026-10-02 21:43:40.757564152,2026-10-02 21:43:51.070010770,2026-10-02 21:43:51.069961853,0,12.625024682000001,10.312446618,16.480787373,12.624975765,29.105763138,58383725378,58384444747,58384444747,False,True,0,0
69,5,merge-worker-848db95476-h52ll,merge-worker-6db9859bf-wz7bg,revocation_pre_release,2026-10-02 21:43:34.589229351,2026-10-02 21:43:40.757571185,2026-10-02 21:43:51.070013331,2026-10-02 21:43:51.069966407,0,12.625034344,10.312442146,16.48078398,12.62498742,29.105771400000002,58571874572,58572260609,58572260609,False,True,0,0
70,6,merge-worker-848db95476-kfwws,merge-worker-canary-56689b886d-sstsj,revocation_pre_release,2026-10-02 21:43:37.954988020,2026-10-02 21:43:44.858077138,2026-10-02 21:43:50.213014021,2026-10-02 21:43:50.212973916,0,5.282642478,5.354936883,12.258026001,5.282602373,17.540628374,59351909404,59352463057,59352463057,False,True,0,0
71,7,merge-worker-848db95476-kfwws,merge-worker-canary-56689b886d-sstsj,revocation_pre_release,2026-10-02 21:43:37.954994149,2026-10-02 21:43:44.858084379,2026-10-02 21:43:50.213016587,2026-10-02 21:43:50.212978238,0,5.282664629,5.354932208,12.258022438,5.28262628,17.540648718,57766937918,57767296869,57767296869,False,True,0,0
82,18,merge-worker-canary-56689b886d-sstsj,merge-worker-848db95476-fwnvl,revocation_pre_release,2026-10-02 21:43:30.118773034,2026-10-02 21:43:38.260657561,2026-10-02 21:43:48.090053485,2026-10-02 21:43:48.089998276,0,11.875251207,9.829395924,17.971280451,11.875195998,29.846476449,56936646163,56937262694,56937262694,False,True,0,0
83,19,merge-worker-canary-56689b886d-sstsj,merge-worker-848db95476-fwnvl,revocation_pre_release,2026-10-02 21:43:30.118779910,2026-10-02 21:43:38.260697745,2026-10-02 21:43:48.090055300,2026-10-02 21:43:48.090003174,0,11.875242433,9.829357555,17.97127539,11.875190307,29.846465697,59197139556,59197707252,59197707252,False,True,0,0
114,50,merge-worker-6db9859bf-nkxt6,merge-worker-848db95476-h52ll,revocation_pre_release,2026-10-02 21:43:37.461070567,2026-10-02 21:43:45.029119016,2026-10-02 21:43:54.739322940,2026-10-02 21:43:54.738957239,0,22.141443188,9.710203924,17.278252373,22.141077487,39.419329860000005,58096760621,58097434884,58097434884,False,True,0,0
115,51,merge-worker-6db9859bf-nkxt6,merge-worker-848db95476-h52ll,revocation_pre_release,2026-10-02 21:43:37.461078763,2026-10-02 21:43:45.029127723,2026-10-02 21:43:54.739325591,2026-10-02 21:43:54.738977812,0,22.141232942,9.710197868,17.278246828,22.140885163,39.419131991,57794972118,57795742807,57795742807,False,True,0,0
116,52,merge-worker-6db9859bf-skjq2,merge-worker-848db95476-kfwws,revocation_pre_release,2026-10-02 21:43:37.533913954,2026-10-02 21:43:51.238764639,2026-10-02 21:43:58.050510817,2026-10-02 21:43:58.038283717,0,31.668519435,6.811746178,20.516596863,31.656292335,52.172889198,56824894981,56825441347,56825429061,False,True,0,0
117,53,merge-worker-6db9859bf-skjq2,merge-worker-848db95476-kfwws,revocation_pre_release,2026-10-02 21:43:37.533920605,2026-10-02 21:43:51.238772207,2026-10-02 21:43:58.050513139,2026-10-02 21:43:58.038288705,0,31.668497364,6.811740932,20.516592534,31.65627293,52.172865464,58276518840,58277106758,58277094665,False,True,0,0
118,54,merge-worker-6db9859bf-wz7bg,merge-worker-f9d6db8f9-v524p,revocation_pre_release,2026-10-02 21:43:36.079265950,2026-10-02 21:43:51.046266469,2026-10-02 21:43:56.721929920,2026-10-02 21:43:56.721884535,0,11.106972051,5.675663451,20.64266397,11.106926666,31.749590636,57002591143,57003065200,57003054718,False,True,0,0
119,55,merge-worker-6db9859bf-wz7bg,merge-worker-f9d6db8f9-v524p,revocation_pre_release,2026-10-02 21:43:36.079273912,2026-10-02 21:43:51.046274035,2026-10-02 21:43:56.721932665,2026-10-02 21:43:56.721888577,0,11.106959417999999,5.67565863,20.642658753,11.10691533,31.749574083,58262734262,58263134415,58263125239,False,True,0,0
120,56,merge-worker-f9d6db8f9-v524p,merge-worker-6db9859bf-52dmv,revocation_pre_release,2026-10-02 21:43:36.266523882,2026-10-02 21:43:44.979850647,2026-10-02 21:43:53.309660707,2026-10-02 21:43:53.309599218,0,23.40889431,8.32981006,17.043136825,23.408832821,40.451969646,57408172544,57408824307,57408824307,False,True,0,0
121,57,merge-worker-f9d6db8f9-v524p,merge-worker-6db9859bf-85t5h,revocation_pre_release,2026-10-02 21:43:36.266531853,2026-10-02 21:43:44.979859656,2026-10-02 21:43:46.118020997,2026-10-02 21:43:46.117978845,0,6.09792747,1.138161341,9.851489144,6.097885318,15.949374462000002,57752054868,57752503306,57752503306,False,True,0,0
122,58,merge-worker-6db9859bf-5r9pd,merge-worker-848db95476-2mlb6,revocation_pre_release,2026-10-02 21:43:34.378387446,2026-10-02 21:43:43.184745829,2026-10-02 21:43:47.764910604,2026-10-02 21:43:47.764849845,0,0.847026686,4.580164775,13.386523158,0.846965927,14.233489084999999,58702720640,58703190705,58703190705,False,True,0,0
123,59,merge-worker-6db9859bf-gfffd,merge-worker-848db95476-fwnvl,revocation_pre_release,2026-10-02 21:43:34.517652949,2026-10-02 21:43:43.185564375,2026-10-02 21:43:48.090057470,2026-10-02 21:43:48.090008073,0,11.875245152,4.904493095,13.572404521,11.875195755,25.447600276,60050421378,60050759224,60050759224,False,True,0,0
124,60,merge-worker-6db9859bf-skjq2,merge-worker-848db95476-kfwws,revocation_pre_release,2026-10-02 21:43:37.533926488,2026-10-02 21:43:51.238780526,2026-10-02 21:43:58.050515940,2026-10-02 21:43:58.038293375,0,31.668497275,6.811735414,20.516589452,31.65627471,52.172864162,57777368635,57778084571,57778072221,False,True,0,0
128,0,merge-worker-848db95476-c8rcb,merge-worker-6db9859bf-nkxt6,shutdown_pre_release,2026-10-02 21:43:20.540311695,2026-10-02 21:43:20.568020925,2026-10-02 21:43:37.517049161,2026-10-02 21:43:45.029372487,7.512323326,29.025262532,16.949028236,16.976737466,36.537585858,53.514323324,58099660334,58099683048,58099660334,True,True,3,22714
129,1,merge-worker-848db95476-c8rcb,merge-worker-6db9859bf-nkxt6,shutdown_pre_release,2026-10-02 21:43:20.540322169,2026-10-02 21:43:20.568282864,2026-10-02 21:43:37.517053064,2026-10-02 21:43:45.029377128,7.512324064,29.025266907999995,16.9487702,16.976730895,36.537590972,53.51432186699999,58447455029,58447521630,58447455029,True,True,3,66601
130,2,merge-worker-848db95476-fwnvl,merge-worker-6db9859bf-skjq2,revocation_pre_release,2026-10-02 21:43:38.062280389,2026-10-02 21:43:45.090605643,2026-10-02 21:43:51.274366346,2026-10-02 21:43:51.274291326,0,8.475959088,6.183760703,13.212085957,8.475884068,21.687970025,58709293419,58709796354,58709783819,False,True,0,0
131,3,merge-worker-848db95476-fwnvl,merge-worker-6db9859bf-skjq2,revocation_pre_release,2026-10-02 21:43:38.062286081,2026-10-02 21:43:45.090612327,2026-10-02 21:43:51.274368506,2026-10-02 21:43:51.274295935,0,8.475941917,6.183756179,13.212082425,8.475869346,21.687951771,59035897830,59036479352,59036468325,False,True,0,0
132,4,merge-worker-848db95476-h52ll,merge-worker-6db9859bf-wz7bg,revocation_pre_release,2026-10-02 21:43:34.589239933,2026-10-02 21:43:40.757578229,2026-10-02 21:43:51.070015676,2026-10-02 21:43:51.069975092,0,12.625029555000001,10.312437447,16.480775743,12.624988971,29.105764714,60076250151,60076984843,60076984843,False,True,0,0
133,5,merge-worker-848db95476-h52ll,merge-worker-6db9859bf-wz7bg,revocation_pre_release,2026-10-02 21:43:34.589245914,2026-10-02 21:43:40.770703038,2026-10-02 21:43:51.070018039,2026-10-02 21:43:51.069979811,0,12.625012057,10.299315001,16.480772125,12.624973829,29.105745954,60474792567,60475176875,60475176875,False,True,0,0
134,6,merge-worker-848db95476-kfwws,merge-worker-canary-56689b886d-sstsj,revocation_pre_release,2026-10-02 21:43:37.955000825,2026-10-02 21:43:44.858090903,2026-10-02 21:43:50.213018408,2026-10-02 21:43:50.212982728,0,5.2826636989999995,5.354927505,12.258017583,5.282628019,17.540645602,57510844544,57511402734,57511402734,False,True,0,0
135,7,merge-worker-848db95476-kfwws,merge-worker-canary-56689b886d-sstsj,revocation_pre_release,2026-10-02 21:43:37.955018765,2026-10-02 21:43:44.858097438,2026-10-02 21:43:50.213021133,2026-10-02 21:43:50.212987080,0,5.282663251000001,5.354923695,12.258002368,5.282629198,17.540631566000002,57798065172,57798425597,57798425597,False,True,0,0
146,18,merge-worker-canary-56689b886d-sstsj,merge-worker-848db95476-fwnvl,revocation_pre_release,2026-10-02 21:43:30.118786267,2026-10-02 21:43:38.260705217,2026-10-02 21:43:48.090059356,2026-10-02 21:43:48.090012393,0,11.875228824,9.829354139,17.971273089,11.875181861,29.846454950000002,57646813436,57647441065,57647441065,False,True,0,0
147,19,merge-worker-canary-56689b886d-sstsj,merge-worker-848db95476-fwnvl,revocation_pre_release,2026-10-02 21:43:30.118792405,2026-10-02 21:43:38.260713383,2026-10-02 21:43:48.090061640,2026-10-02 21:43:48.090017041,0,11.875240196,9.829348257,17.971269235,11.875195597,29.846464832000002,59525386944,59525975163,59525975163,False,True,0,0
178,50,merge-worker-6db9859bf-nkxt6,merge-worker-848db95476-h52ll,revocation_pre_release,2026-10-02 21:43:37.461084537,2026-10-02 21:43:45.029136172,2026-10-02 21:43:54.739328483,2026-10-02 21:43:54.738983460,0,22.14142678,9.710192311,17.278243946,22.141081757,39.419325703,57207257712,57207933275,57207933275,False,True,0,0
179,51,merge-worker-6db9859bf-nkxt6,merge-worker-848db95476-h52ll,revocation_pre_release,2026-10-02 21:43:37.461091715,2026-10-02 21:43:45.029144020,2026-10-02 21:43:54.739330590,2026-10-02 21:43:54.738988003,0,22.141417219999997,9.71018657,17.278238875,22.141074633,39.419313508,59675607952,59676394835,59676394835,False,True,0,0
180,52,merge-worker-6db9859bf-skjq2,merge-worker-848db95476-kfwws,revocation_pre_release,2026-10-02 21:43:37.533932039,2026-10-02 21:43:51.238787210,2026-10-02 21:43:58.050519218,2026-10-02 21:43:58.038297200,0,31.668483254999998,6.811732008,20.516587179,31.656261237,52.172848415999994,58848947236,58849495050,58849484657,False,True,0,0
181,53,merge-worker-6db9859bf-skjq2,merge-worker-848db95476-kfwws,revocation_pre_release,2026-10-02 21:43:37.533939989,2026-10-02 21:43:51.238795254,2026-10-02 21:43:58.050522051,2026-10-02 21:43:58.038301554,0,31.668493375,6.811726797,20.516582062,31.656272878,52.17285494,59759194691,59759782843,59759782843,False,True,0,0
182,54,merge-worker-6db9859bf-wz7bg,merge-worker-f9d6db8f9-v524p,revocation_pre_release,2026-10-02 21:43:36.079280138,2026-10-02 21:43:51.046281923,2026-10-02 21:43:56.721934841,2026-10-02 21:43:56.721892979,0,11.106946456,5.675652918,20.642654703,11.106904594,31.749559297,58662067878,58662545724,58662535229,False,True,0,0
183,55,merge-worker-6db9859bf-wz7bg,merge-worker-f9d6db8f9-v524p,revocation_pre_release,2026-10-02 21:43:36.079286668,2026-10-02 21:43:51.046288607,2026-10-02 21:43:56.721936989,2026-10-02 21:43:56.721897205,0,11.106946986,5.675648382,20.642650321,11.106907202,31.749557523,58777301413,58777704868,58777695595,False,True,0,0
184,56,merge-worker-f9d6db8f9-v524p,merge-worker-6db9859bf-5r9pd,revocation_pre_release,2026-10-02 21:43:36.266539626,2026-10-02 21:43:44.979866639,2026-10-02 21:43:54.456646976,2026-10-02 21:43:54.456568891,0,9.125419422,9.476780337,18.19010735,9.125341337,27.315448687,58441389318,58442056824,58442056824,False,True,0,0
185,57,merge-worker-f9d6db8f9-v524p,merge-worker-6db9859bf-gfffd,revocation_pre_release,2026-10-02 21:43:36.266545938,2026-10-02 21:43:44.979872916,2026-10-02 21:43:54.730668260,2026-10-02 21:43:54.730619922,0,16.83215915,9.750795344,18.464122322,16.832110812,35.296233134000005,59752700701,59753150758,59753150758,False,True,0,0
186,58,merge-worker-6db9859bf-7lh5g,merge-worker-848db95476-6lwm2,revocation_pre_release,2026-10-02 21:43:37.945547410,2026-10-02 21:43:44.859517342,2026-10-02 21:43:48.468478789,2026-10-02 21:43:48.468431172,0,0.151933159,3.608961447,10.522931379,0.151885542,10.674816921,57757650001,57758158843,57758158843,False,True,0,0
187,59,merge-worker-6db9859bf-kxqtx,merge-worker-848db95476-h52ll,revocation_pre_release,2026-10-02 21:43:29.758409104,2026-10-02 21:43:38.292489774,2026-10-02 21:43:44.625068625,2026-10-02 21:43:44.625025468,0,0.22535177599999998,6.332578851,14.866659521,0.225308619,15.09196814,60563930329,60564260318,60564244316,False,True,0,0
188,60,merge-worker-6db9859bf-wz7bg,merge-worker-848db95476-pgsbw,revocation_pre_release,2026-10-02 21:43:36.079293674,2026-10-02 21:43:51.046295738,2026-10-02 21:43:57.206958141,2026-10-02 21:43:57.206923941,0,1.419251067,6.160662403,21.127664467,1.419216867,22.546881334,58512833947,58513562400,58513547840,False,True,0,0
190,62,merge-worker-f9d6db8f9-v524p,merge-worker-canary-58d78c7fc-xcwpz,revocation_pre_release,2026-10-02 21:43:36.266552514,2026-10-02 21:43:44.979879331,2026-10-02 21:43:50.015346936,2026-10-02 21:43:50.015301430,0,0.219658333,5.035467605,13.748794422,0.219612827,13.968407249,59011040477,59011644697,59011644697,False,True,0,0
